# Lista de servicos nacional (LC 116/2003), gerada por gerar_lista.go.
# Fonte: docs/anexos/ANEXO_B-NBS2-LISTA_SERVICO_NACIONAL-SNNFSe-v1.00-20251210.xlsx
# Nao edite a mao: rode 'go generate ./internal/domain/servico'.
codigo,grupo,descricao
010101,Serviços de Informática e congêneres.,Análise e desenvolvimento de sistemas.
010201,Serviços de Informática e congêneres.,Programação.
010301,Serviços de Informática e congêneres.,"Processamento de dados, textos, imagens, vídeos, páginas eletrônicas, aplicativos e sistemas de informação, entre outros formatos, e congêneres."
010302,Serviços de Informática e congêneres.,"Armazenamento ou hospedagem de dados, textos, imagens, vídeos, páginas eletrônicas, aplicativos e sistemas de informação, entre outros formatos, e congêneres."
010401,Serviços de Informática e congêneres.,"Elaboração de programas de computadores, inclusive de jogos eletrônicos, independentemente da arquitetura construtiva da máquina em que o programa será executado, incluindo tablets, smartphones e congêneres."
010501,Serviços de Informática e congêneres.,Licenciamento ou cessão de direito de uso de programas de computação.
010601,Serviços de Informática e congêneres.,Assessoria e consultoria em informática.
010701,Serviços de Informática e congêneres.,"Suporte técnico em informática, inclusive instalação, configuração e manutenção de programas de computação e bancos de dados."
010801,Serviços de Informática e congêneres.,"Planejamento, confecção, manutenção e atualização de páginas eletrônicas."
010901,Serviços de Informática e congêneres.,"Disponibilização, sem cessão definitiva, de conteúdos de áudio por meio da internet (exceto a distribuição de conteúdos pelas prestadoras de Serviço de Acesso Condicionado, de que trata a Lei nº 12.485, de 12 de setembro de 2011, sujeita ao ICMS)."
010902,Serviços de Informática e congêneres.,"Disponibilização, sem cessão definitiva, de conteúdos de vídeo, imagem e texto por meio da internet, respeitada a imunidade de livros, jornais e periódicos (exceto a distribuição de conteúdos pelas prestadoras de Serviço de Acesso Condicionado, de que trata a Lei nº 12.485, de 12 de setembro de 2011, sujeita ao ICMS)."
020101,Serviços de pesquisas e desenvolvimento de qualquer natureza.,Serviços de pesquisas e desenvolvimento de qualquer natureza.
030201,"Serviços prestados mediante locação, cessão de direito de uso e congêneres.",Cessão de direito de uso de marcas e de sinais de propaganda.
030301,"Serviços prestados mediante locação, cessão de direito de uso e congêneres.","Exploração de salões de festas, centro de convenções, stands e congêneres, para realização de eventos ou negócios de qualquer natureza."
030302,"Serviços prestados mediante locação, cessão de direito de uso e congêneres.","Exploração de escritórios virtuais e congêneres, para realização de eventos ou negócios de qualquer natureza."
030303,"Serviços prestados mediante locação, cessão de direito de uso e congêneres.","Exploração de quadras esportivas, estádios, ginásios, canchas e congêneres, para realização de eventos ou negócios de qualquer natureza."
030304,"Serviços prestados mediante locação, cessão de direito de uso e congêneres.","Exploração de auditórios, casas de espetáculos e congêneres, para realização de eventos ou negócios de qualquer natureza."
030305,"Serviços prestados mediante locação, cessão de direito de uso e congêneres.","Exploração de parques de diversões e congêneres, para realização de eventos ou negócios de qualquer natureza."
030401,"Serviços prestados mediante locação, cessão de direito de uso e congêneres.","Locação, sublocação, arrendamento, direito de passagem ou permissão de uso, compartilhado ou não, de ferrovia."
030402,"Serviços prestados mediante locação, cessão de direito de uso e congêneres.","Locação, sublocação, arrendamento, direito de passagem ou permissão de uso, compartilhado ou não, de rodovia."
030403,"Serviços prestados mediante locação, cessão de direito de uso e congêneres.","Locação, sublocação, arrendamento, direito de passagem ou permissão de uso, compartilhado ou não, de postes, cabos, dutos e condutos de qualquer natureza."
030501,"Serviços prestados mediante locação, cessão de direito de uso e congêneres.","Cessão de andaimes, palcos, coberturas e outras estruturas de uso temporário."
040101,"Serviços de saúde, assistência médica e congêneres.",Medicina.
040102,"Serviços de saúde, assistência médica e congêneres.",Biomedicina.
040201,"Serviços de saúde, assistência médica e congêneres.",Análises clínicas e congêneres.
040202,"Serviços de saúde, assistência médica e congêneres.",Patologia e congêneres.
040203,"Serviços de saúde, assistência médica e congêneres.","Eletricidade médica (eletroestimulação de nervos e musculos, cardioversão, etc) e congêneres."
040204,"Serviços de saúde, assistência médica e congêneres.","Radioterapia, quimioterapia e congêneres."
040205,"Serviços de saúde, assistência médica e congêneres.","Ultra-sonografia, ressonância magnética, radiologia, tomografia e congêneres."
040301,"Serviços de saúde, assistência médica e congêneres.",Hospitais e congêneres.
040302,"Serviços de saúde, assistência médica e congêneres.",Laboratórios e congêneres.
040303,"Serviços de saúde, assistência médica e congêneres.","Clínicas, sanatórios, manicômios, casas de saúde, prontos-socorros, ambulatórios e congêneres."
040401,"Serviços de saúde, assistência médica e congêneres.",Instrumentação cirúrgica.
040501,"Serviços de saúde, assistência médica e congêneres.",Acupuntura.
040601,"Serviços de saúde, assistência médica e congêneres.","Enfermagem, inclusive serviços auxiliares."
040701,"Serviços de saúde, assistência médica e congêneres.",Serviços farmacêuticos.
040801,"Serviços de saúde, assistência médica e congêneres.",Terapia ocupacional.
040802,"Serviços de saúde, assistência médica e congêneres.",Fisioterapia.
040803,"Serviços de saúde, assistência médica e congêneres.",Fonoaudiologia.
040901,"Serviços de saúde, assistência médica e congêneres.","Terapias de qualquer espécie destinadas ao tratamento físico, orgânico e mental."
041001,"Serviços de saúde, assistência médica e congêneres.",Nutrição.
041101,"Serviços de saúde, assistência médica e congêneres.",Obstetrícia.
041201,"Serviços de saúde, assistência médica e congêneres.",Odontologia.
041301,"Serviços de saúde, assistência médica e congêneres.",Ortóptica.
041401,"Serviços de saúde, assistência médica e congêneres.",Próteses sob encomenda.
041501,"Serviços de saúde, assistência médica e congêneres.",Psicanálise.
041601,"Serviços de saúde, assistência médica e congêneres.",Psicologia.
041701,"Serviços de saúde, assistência médica e congêneres.",Casas de repouso e congêneres.
041702,"Serviços de saúde, assistência médica e congêneres.",Casas de recuperação e congêneres.
041703,"Serviços de saúde, assistência médica e congêneres.",Creches e congêneres.
041704,"Serviços de saúde, assistência médica e congêneres.",Asilos e congêneres.
041801,"Serviços de saúde, assistência médica e congêneres.","Inseminação artificial, fertilização in vitro e congêneres."
041901,"Serviços de saúde, assistência médica e congêneres.","Bancos de sangue, leite, pele, olhos, óvulos, sêmen e congêneres."
042001,"Serviços de saúde, assistência médica e congêneres.","Coleta de sangue, leite, tecidos, sêmen, órgãos e materiais biológicos de qualquer espécie."
042101,"Serviços de saúde, assistência médica e congêneres.","Unidade de atendimento, assistência ou tratamento móvel e congêneres."
042201,"Serviços de saúde, assistência médica e congêneres.","Planos de medicina de grupo ou individual e convênios para prestação de assistência médica, hospitalar, odontológica e congêneres."
042301,"Serviços de saúde, assistência médica e congêneres.","Outros planos de saúde que se cumpram através de serviços de terceiros contratados, credenciados, cooperados ou apenas pagos pelo operador do plano mediante indicação do beneficiário."
050101,Serviços de medicina e assistência veterinária e congêneres.,Medicina veterinária
050102,Serviços de medicina e assistência veterinária e congêneres.,Zootecnia.
050201,Serviços de medicina e assistência veterinária e congêneres.,"Hospitais e congêneres, na área veterinária."
050202,Serviços de medicina e assistência veterinária e congêneres.,"Clínicas, ambulatórios, prontos-socorros e congêneres, na área veterinária."
050301,Serviços de medicina e assistência veterinária e congêneres.,Laboratórios de análise na área veterinária.
050401,Serviços de medicina e assistência veterinária e congêneres.,"Inseminação artificial, fertilização in vitro e congêneres."
050501,Serviços de medicina e assistência veterinária e congêneres.,Bancos de sangue e de órgãos e congêneres.
050601,Serviços de medicina e assistência veterinária e congêneres.,"Coleta de sangue, leite, tecidos, sêmen, órgãos e materiais biológicos de qualquer espécie."
050701,Serviços de medicina e assistência veterinária e congêneres.,"Unidade de atendimento, assistência ou tratamento móvel e congêneres."
050801,Serviços de medicina e assistência veterinária e congêneres.,"Guarda, tratamento, amestramento, embelezamento, alojamento e congêneres."
050901,Serviços de medicina e assistência veterinária e congêneres.,Planos de atendimento e assistência médico-veterinária.
060101,"Serviços de cuidados pessoais, estética, atividades físicas e congêneres.","Barbearia, cabeleireiros, manicuros, pedicuros e congêneres."
060201,"Serviços de cuidados pessoais, estética, atividades físicas e congêneres.","Esteticistas, tratamento de pele, depilação e congêneres."
060301,"Serviços de cuidados pessoais, estética, atividades físicas e congêneres.","Banhos, duchas, sauna, massagens e congêneres."
060401,"Serviços de cuidados pessoais, estética, atividades físicas e congêneres.","Ginástica, dança, esportes, natação, artes marciais e demais atividades físicas."
060501,"Serviços de cuidados pessoais, estética, atividades físicas e congêneres.","Centros de emagrecimento, spa e congêneres."
060601,"Serviços de cuidados pessoais, estética, atividades físicas e congêneres.","Aplicação de tatuagens, piercings e congêneres."
070101,"Serviços relativos a engenharia, arquitetura, geologia, urbanismo, construção civil, manutenção, limpeza, meio ambiente, saneamento e congêneres.",Engenharia e congêneres.
070102,"Serviços relativos a engenharia, arquitetura, geologia, urbanismo, construção civil, manutenção, limpeza, meio ambiente, saneamento e congêneres.",Agronomia e congêneres.
070103,"Serviços relativos a engenharia, arquitetura, geologia, urbanismo, construção civil, manutenção, limpeza, meio ambiente, saneamento e congêneres.",Agrimensura e congêneres.
070104,"Serviços relativos a engenharia, arquitetura, geologia, urbanismo, construção civil, manutenção, limpeza, meio ambiente, saneamento e congêneres.","Arquitetura, urbanismo e congêneres."
070105,"Serviços relativos a engenharia, arquitetura, geologia, urbanismo, construção civil, manutenção, limpeza, meio ambiente, saneamento e congêneres.",Geologia e congêneres.
070106,"Serviços relativos a engenharia, arquitetura, geologia, urbanismo, construção civil, manutenção, limpeza, meio ambiente, saneamento e congêneres.",Paisagismo e congêneres.
070201,"Serviços relativos a engenharia, arquitetura, geologia, urbanismo, construção civil, manutenção, limpeza, meio ambiente, saneamento e congêneres.","Execução, por administração, de obras de construção civil, hidráulica ou elétrica e de outras obras semelhantes, inclusive sondagem, perfuração de poços, escavação, drenagem e irrigação, terraplanagem, pavimentação, concretagem e a instalação e montagem de produtos, peças e equipamentos (exceto o fornecimento de mercadorias produzidas pelo prestador de serviços fora do local da prestação dos serviços, que fica sujeito ao ICMS)."
070202,"Serviços relativos a engenharia, arquitetura, geologia, urbanismo, construção civil, manutenção, limpeza, meio ambiente, saneamento e congêneres.","Execução, por empreitada ou subempreitada, de obras de construção civil, hidráulica ou elétrica e de outras obras semelhantes, inclusive sondagem, perfuração de poços, escavação, drenagem e irrigação, terraplanagem, pavimentação, concretagem e a instalação e montagem de produtos, peças e equipamentos (exceto o fornecimento de mercadorias produzidas pelo prestador de serviços fora do local da prestação dos serviços, que fica sujeito ao ICMS)."
070301,"Serviços relativos a engenharia, arquitetura, geologia, urbanismo, construção civil, manutenção, limpeza, meio ambiente, saneamento e congêneres.","Elaboração de planos diretores, estudos de viabilidade, estudos organizacionais e outros, relacionados com obras e serviços de engenharia."
070302,"Serviços relativos a engenharia, arquitetura, geologia, urbanismo, construção civil, manutenção, limpeza, meio ambiente, saneamento e congêneres.","Elaboração de anteprojetos, projetos básicos e projetos executivos para trabalhos de engenharia."
070401,"Serviços relativos a engenharia, arquitetura, geologia, urbanismo, construção civil, manutenção, limpeza, meio ambiente, saneamento e congêneres.",Demolição.
070501,"Serviços relativos a engenharia, arquitetura, geologia, urbanismo, construção civil, manutenção, limpeza, meio ambiente, saneamento e congêneres.","Reparação, conservação e reforma de edifícios e congêneres (exceto o fornecimento de mercadorias produzidas pelo prestador dos serviços, fora do local da prestação dos serviços, que fica sujeito ao ICMS)."
070502,"Serviços relativos a engenharia, arquitetura, geologia, urbanismo, construção civil, manutenção, limpeza, meio ambiente, saneamento e congêneres.","Reparação, conservação e reforma de estradas, pontes, portos e congêneres (exceto o fornecimento de mercadorias produzidas pelo prestador dos serviços, fora do local da prestação dos serviços, que fica sujeito ao ICMS)."
070601,"Serviços relativos a engenharia, arquitetura, geologia, urbanismo, construção civil, manutenção, limpeza, meio ambiente, saneamento e congêneres.","Colocação e instalação de tapetes, carpetes, cortinas e congêneres, com material fornecido pelo tomador do serviço."
070602,"Serviços relativos a engenharia, arquitetura, geologia, urbanismo, construção civil, manutenção, limpeza, meio ambiente, saneamento e congêneres.","Colocação e instalação de assoalhos, revestimentos de parede, vidros, divisórias, placas de gesso e congêneres, com material fornecido pelo tomador do serviço."
070701,"Serviços relativos a engenharia, arquitetura, geologia, urbanismo, construção civil, manutenção, limpeza, meio ambiente, saneamento e congêneres.","Recuperação, raspagem, polimento e lustração de pisos e congêneres."
070801,"Serviços relativos a engenharia, arquitetura, geologia, urbanismo, construção civil, manutenção, limpeza, meio ambiente, saneamento e congêneres.",Calafetação.
070901,"Serviços relativos a engenharia, arquitetura, geologia, urbanismo, construção civil, manutenção, limpeza, meio ambiente, saneamento e congêneres.","Varrição, coleta e remoção de lixo, rejeitos e outros resíduos quaisquer."
070902,"Serviços relativos a engenharia, arquitetura, geologia, urbanismo, construção civil, manutenção, limpeza, meio ambiente, saneamento e congêneres.","Incineração, tratamento, reciclagem, separação e destinação final de lixo, rejeitos e outros resíduos quaisquer."
071001,"Serviços relativos a engenharia, arquitetura, geologia, urbanismo, construção civil, manutenção, limpeza, meio ambiente, saneamento e congêneres.","Limpeza, manutenção e conservação de vias e logradouros públicos, parques, jardins e congêneres."
071002,"Serviços relativos a engenharia, arquitetura, geologia, urbanismo, construção civil, manutenção, limpeza, meio ambiente, saneamento e congêneres.","Limpeza, manutenção e conservação de imóveis, chaminés, piscinas e congêneres."
071101,"Serviços relativos a engenharia, arquitetura, geologia, urbanismo, construção civil, manutenção, limpeza, meio ambiente, saneamento e congêneres.",Decoração.
071102,"Serviços relativos a engenharia, arquitetura, geologia, urbanismo, construção civil, manutenção, limpeza, meio ambiente, saneamento e congêneres.","Jardinagem, inclusive corte e poda de árvores."
071201,"Serviços relativos a engenharia, arquitetura, geologia, urbanismo, construção civil, manutenção, limpeza, meio ambiente, saneamento e congêneres.","Controle e tratamento de efluentes de qualquer natureza e de agentes físicos, químicos e biológicos."
071301,"Serviços relativos a engenharia, arquitetura, geologia, urbanismo, construção civil, manutenção, limpeza, meio ambiente, saneamento e congêneres.","Dedetização, desinfecção, desinsetização, imunização, higienização, desratização, pulverização e congêneres."
071601,"Serviços relativos a engenharia, arquitetura, geologia, urbanismo, construção civil, manutenção, limpeza, meio ambiente, saneamento e congêneres.","Florestamento, reflorestamento, semeadura, adubação, reparação de solo, plantio, silagem, colheita, corte e descascamento de árvores, silvicultura, exploração florestal e dos serviços congêneres indissociáveis da formação, manutenção e colheita de florestas, para quaisquer fins e por quaisquer meios."
071701,"Serviços relativos a engenharia, arquitetura, geologia, urbanismo, construção civil, manutenção, limpeza, meio ambiente, saneamento e congêneres.","Escoramento, contenção de encostas e serviços congêneres."
071801,"Serviços relativos a engenharia, arquitetura, geologia, urbanismo, construção civil, manutenção, limpeza, meio ambiente, saneamento e congêneres.","Limpeza e dragagem de rios, portos, canais, baías, lagos, lagoas, represas, açudes e congêneres."
071901,"Serviços relativos a engenharia, arquitetura, geologia, urbanismo, construção civil, manutenção, limpeza, meio ambiente, saneamento e congêneres.","Acompanhamento e fiscalização da execução de obras de engenharia, arquitetura e urbanismo."
072001,"Serviços relativos a engenharia, arquitetura, geologia, urbanismo, construção civil, manutenção, limpeza, meio ambiente, saneamento e congêneres.","Aerofotogrametria (inclusive interpretação), cartografia, mapeamento e congêneres."
072002,"Serviços relativos a engenharia, arquitetura, geologia, urbanismo, construção civil, manutenção, limpeza, meio ambiente, saneamento e congêneres.","Levantamentos batimétricos, geográficos, geodésicos, geológicos, geofísicos e congêneres."
072003,"Serviços relativos a engenharia, arquitetura, geologia, urbanismo, construção civil, manutenção, limpeza, meio ambiente, saneamento e congêneres.",Levantamentos topográficos e congêneres.
072101,"Serviços relativos a engenharia, arquitetura, geologia, urbanismo, construção civil, manutenção, limpeza, meio ambiente, saneamento e congêneres.","Pesquisa, perfuração, cimentação, mergulho, perfilagem, concretação, testemunhagem, pescaria, estimulação e outros serviços relacionados com a exploração e explotação de petróleo, gás natural e de outros recursos minerais."
072201,"Serviços relativos a engenharia, arquitetura, geologia, urbanismo, construção civil, manutenção, limpeza, meio ambiente, saneamento e congêneres.",Nucleação e bombardeamento de nuvens e congêneres.
080101,"Serviços de educação, ensino, orientação pedagógica e educacional, instrução, treinamento e avaliação pessoal de qualquer grau ou natureza.","Ensino regular pré-escolar, fundamental e médio."
080102,"Serviços de educação, ensino, orientação pedagógica e educacional, instrução, treinamento e avaliação pessoal de qualquer grau ou natureza.",Ensino regular superior.
080201,"Serviços de educação, ensino, orientação pedagógica e educacional, instrução, treinamento e avaliação pessoal de qualquer grau ou natureza.","Instrução, treinamento, orientação pedagógica e educacional, avaliação de conhecimentos de qualquer natureza."
090101,"Serviços relativos a hospedagem, turismo, viagens e congêneres.","Hospedagem em hotéis, hotelaria marítima e congêneres (o valor da alimentação e gorjeta, quando incluído no preço da diária, fica sujeito ao Imposto Sobre Serviços)."
090102,"Serviços relativos a hospedagem, turismo, viagens e congêneres.","Hospedagem em pensões, albergues, pousadas, hospedarias, ocupação por temporada com fornecimento de serviços e congêneres (o valor da alimentação e gorjeta, quando incluído no preço da diária, fica sujeito ao Imposto Sobre Serviços)."
090103,"Serviços relativos a hospedagem, turismo, viagens e congêneres.","Hospedagem em motéis e congêneres (o valor da alimentação e gorjeta, quando incluído no preço da diária, fica sujeito ao Imposto Sobre Serviços)."
090104,"Serviços relativos a hospedagem, turismo, viagens e congêneres.","Hospedagem em apart-service condominiais, flat, apart-hotéis, hotéis residência, residence-service, suite service e congêneres (o valor da alimentação e gorjeta, quando incluído no preço da diária, fica sujeito ao Imposto Sobre Serviços)."
090201,"Serviços relativos a hospedagem, turismo, viagens e congêneres.","Agenciamento e intermediação de programas de turismo, passeios, viagens, excursões, hospedagens e congêneres."
090202,"Serviços relativos a hospedagem, turismo, viagens e congêneres.","Organização, promoção e execução de programas de turismo, passeios, viagens, excursões, hospedagens e congêneres."
090301,"Serviços relativos a hospedagem, turismo, viagens e congêneres.",Guias de turismo.
100101,Serviços de intermediação e congêneres.,"Agenciamento, corretagem ou intermediação de câmbio."
100102,Serviços de intermediação e congêneres.,"Agenciamento, corretagem ou intermediação de seguros."
100103,Serviços de intermediação e congêneres.,"Agenciamento, corretagem ou intermediação de cartões de crédito."
100104,Serviços de intermediação e congêneres.,"Agenciamento, corretagem ou intermediação de planos de saúde."
100105,Serviços de intermediação e congêneres.,"Agenciamento, corretagem ou intermediação de planos de previdência privada."
100201,Serviços de intermediação e congêneres.,"Agenciamento, corretagem ou intermediação de títulos em geral e valores mobiliários."
100202,Serviços de intermediação e congêneres.,"Agenciamento, corretagem ou intermediação de contratos quaisquer."
100301,Serviços de intermediação e congêneres.,"Agenciamento, corretagem ou intermediação de direitos de propriedade industrial, artística ou literária."
100401,Serviços de intermediação e congêneres.,"Agenciamento, corretagem ou intermediação de contratos de arrendamento mercantil (leasing)."
100402,Serviços de intermediação e congêneres.,"Agenciamento, corretagem ou intermediação de contratos de franquia (franchising)."
100403,Serviços de intermediação e congêneres.,"Agenciamento, corretagem ou intermediação de faturização (factoring)."
100501,Serviços de intermediação e congêneres.,"Agenciamento, corretagem ou intermediação de bens móveis ou imóveis, não abrangidos em outros itens ou subitens, por quaisquer meios."
100502,Serviços de intermediação e congêneres.,"Agenciamento, corretagem ou intermediação de bens móveis ou imóveis realizados no âmbito de Bolsas de Mercadorias e Futuros, por quaisquer meios."
100601,Serviços de intermediação e congêneres.,Agenciamento marítimo.
100701,Serviços de intermediação e congêneres.,Agenciamento de notícias.
100801,Serviços de intermediação e congêneres.,"Agenciamento de publicidade e propaganda, inclusive o agenciamento de veiculação por quaisquer meios."
100901,Serviços de intermediação e congêneres.,"Representação de qualquer natureza, inclusive comercial."
101001,Serviços de intermediação e congêneres.,Distribuição de bens de terceiros.
110101,"Serviços de guarda, estacionamento, armazenamento, vigilância e congêneres.",Guarda e estacionamento de veículos terrestres automotores.
110102,"Serviços de guarda, estacionamento, armazenamento, vigilância e congêneres.",Guarda e estacionamento de aeronaves e de embarcações.
110201,"Serviços de guarda, estacionamento, armazenamento, vigilância e congêneres.","Vigilância, segurança ou monitoramento de bens, pessoas e semoventes."
110301,"Serviços de guarda, estacionamento, armazenamento, vigilância e congêneres.","Escolta, inclusive de veículos e cargas."
110401,"Serviços de guarda, estacionamento, armazenamento, vigilância e congêneres.","Armazenamento, depósito, guarda de bens de qualquer espécie."
110402,"Serviços de guarda, estacionamento, armazenamento, vigilância e congêneres.","Carga, descarga, arrumação de bens de qualquer espécie."
110501,"Serviços de guarda, estacionamento, armazenamento, vigilância e congêneres.","Serviços relacionados ao monitoramento e rastreamento a distância, em qualquer via ou local, de veículos, cargas, pessoas e semoventes em circulação ou movimento, realizados por meio de telefonia móvel, transmissão de satélites, rádio ou qualquer outro meio, inclusive pelas empresas de Tecnologia da Informação Veicular, independentemente de o prestador de serviços ser proprietário ou não da infraestrutura de telecomunicações que utiliza."
120101,"Serviços de diversões, lazer, entretenimento e congêneres.",Espetáculos teatrais.
120201,"Serviços de diversões, lazer, entretenimento e congêneres.",Exibições cinematográficas.
120301,"Serviços de diversões, lazer, entretenimento e congêneres.",Espetáculos circenses.
120401,"Serviços de diversões, lazer, entretenimento e congêneres.",Programas de auditório.
120501,"Serviços de diversões, lazer, entretenimento e congêneres.","Parques de diversões, centros de lazer e congêneres."
120601,"Serviços de diversões, lazer, entretenimento e congêneres.","Boates, taxi-dancing e congêneres."
120701,"Serviços de diversões, lazer, entretenimento e congêneres.","Shows, ballet, danças, desfiles, bailes, óperas, concertos, recitais, festivais e congêneres."
120801,"Serviços de diversões, lazer, entretenimento e congêneres.","Feiras, exposições, congressos e congêneres."
120901,"Serviços de diversões, lazer, entretenimento e congêneres.",Bilhares.
120902,"Serviços de diversões, lazer, entretenimento e congêneres.",Boliches.
120903,"Serviços de diversões, lazer, entretenimento e congêneres.",Diversões eletrônicas ou não.
121001,"Serviços de diversões, lazer, entretenimento e congêneres.",Corridas e competições de animais.
121101,"Serviços de diversões, lazer, entretenimento e congêneres.","Competições esportivas ou de destreza física ou intelectual, com ou sem a participação do espectador."
121201,"Serviços de diversões, lazer, entretenimento e congêneres.",Execução de música.
121301,"Serviços de diversões, lazer, entretenimento e congêneres.","Produção, mediante ou sem encomenda prévia, de eventos, espetáculos, entrevistas, shows, ballet, danças, desfiles, bailes, teatros, óperas, concertos, recitais, festivais e congêneres."
121401,"Serviços de diversões, lazer, entretenimento e congêneres.","Fornecimento de música para ambientes fechados ou não, mediante transmissão por qualquer processo."
121501,"Serviços de diversões, lazer, entretenimento e congêneres.","Desfiles de blocos carnavalescos ou folclóricos, trios elétricos e congêneres."
121601,"Serviços de diversões, lazer, entretenimento e congêneres.","Exibição de filmes, entrevistas, musicais, espetáculos, shows, concertos, desfiles, óperas, competições esportivas, de destreza intelectual ou congêneres."
121701,"Serviços de diversões, lazer, entretenimento e congêneres.","Recreação e animação, inclusive em festas e eventos de qualquer natureza."
130201,"Serviços relativos a fonografia, fotografia, cinematografia e reprografia.","Fonografia ou gravação de sons, inclusive trucagem, dublagem, mixagem e congêneres."
130301,"Serviços relativos a fonografia, fotografia, cinematografia e reprografia.","Fotografia e cinematografia, inclusive revelação, ampliação, cópia, reprodução, trucagem e congêneres."
130401,"Serviços relativos a fonografia, fotografia, cinematografia e reprografia.","Reprografia, microfilmagem e digitalização."
130501,"Serviços relativos a fonografia, fotografia, cinematografia e reprografia.","Composição gráfica, inclusive confecção de impressos gráficos, fotocomposição, clicheria, zincografia, litografia e fotolitografia, exceto se destinados a posterior operação de comercialização ou industrialização, ainda que incorporados, de qualquer forma, a outra mercadoria que deva ser objeto de posterior circulação, tais como bulas, rótulos, etiquetas, caixas, cartuchos, embalagens e manuais técnicos e de instrução, quando ficarão sujeitos ao ICMS."
140101,Serviços relativos a bens de terceiros.,"Lubrificação, limpeza, lustração, revisão, carga e recarga, conserto, restauração, blindagem, manutenção e conservação de máquinas, veículos, aparelhos, equipamentos, motores, elevadores ou de qualquer objeto (exceto peças e partes empregadas, que ficam sujeitas ao ICMS)."
140201,Serviços relativos a bens de terceiros.,Assistência técnica.
140301,Serviços relativos a bens de terceiros.,"Recondicionamento de motores (exceto peças e partes empregadas, que ficam sujeitas ao ICMS)."
140401,Serviços relativos a bens de terceiros.,Recauchutagem ou regeneração de pneus.
140501,Serviços relativos a bens de terceiros.,"Restauração, recondicionamento, acondicionamento, pintura, beneficiamento, lavagem, secagem, tingimento, galvanoplastia, anodização, corte, recorte, plastificação, costura, acabamento, polimento e congêneres de objetos quaisquer."
140601,Serviços relativos a bens de terceiros.,"Instalação e montagem de aparelhos, máquinas e equipamentos, inclusive montagem industrial, prestados ao usuário final, exclusivamente com material por ele fornecido."
140701,Serviços relativos a bens de terceiros.,Colocação de molduras e congêneres.
140801,Serviços relativos a bens de terceiros.,"Encadernação, gravação e douração de livros, revistas e congêneres."
140901,Serviços relativos a bens de terceiros.,"Alfaiataria e costura, quando o material for fornecido pelo usuário final, exceto aviamento."
141001,Serviços relativos a bens de terceiros.,Tinturaria e lavanderia.
141101,Serviços relativos a bens de terceiros.,Tapeçaria e reforma de estofamentos em geral.
141201,Serviços relativos a bens de terceiros.,Funilaria e lanternagem.
141301,Serviços relativos a bens de terceiros.,Carpintaria.
141302,Serviços relativos a bens de terceiros.,Serralheria.
141401,Serviços relativos a bens de terceiros.,Guincho intramunicipal.
141402,Serviços relativos a bens de terceiros.,Guindaste e içamento.
150101,"Serviços relacionados ao setor bancário ou financeiro, inclusive aqueles prestados por instituições financeiras autorizadas a funcionar pela União ou por quem de direito.",Administração de fundos quaisquer e congêneres.
150102,"Serviços relacionados ao setor bancário ou financeiro, inclusive aqueles prestados por instituições financeiras autorizadas a funcionar pela União ou por quem de direito.",Administração de consórcio e congêneres.
150103,"Serviços relacionados ao setor bancário ou financeiro, inclusive aqueles prestados por instituições financeiras autorizadas a funcionar pela União ou por quem de direito.",Administração de cartão de crédito ou débito e congêneres.
150104,"Serviços relacionados ao setor bancário ou financeiro, inclusive aqueles prestados por instituições financeiras autorizadas a funcionar pela União ou por quem de direito.",Administração de carteira de clientes e congêneres.
150105,"Serviços relacionados ao setor bancário ou financeiro, inclusive aqueles prestados por instituições financeiras autorizadas a funcionar pela União ou por quem de direito.",Administração de cheques pré-datados e congêneres.
150201,"Serviços relacionados ao setor bancário ou financeiro, inclusive aqueles prestados por instituições financeiras autorizadas a funcionar pela União ou por quem de direito.","Abertura de conta-corrente no País, bem como a manutenção da referida conta ativa e inativa."
150202,"Serviços relacionados ao setor bancário ou financeiro, inclusive aqueles prestados por instituições financeiras autorizadas a funcionar pela União ou por quem de direito.","Abertura de conta-corrente no exterior, bem como a manutenção da referida conta ativa e inativa."
150203,"Serviços relacionados ao setor bancário ou financeiro, inclusive aqueles prestados por instituições financeiras autorizadas a funcionar pela União ou por quem de direito.","Abertura de conta de investimentos e aplicação no País, bem como a manutenção da referida conta ativa e inativa."
150204,"Serviços relacionados ao setor bancário ou financeiro, inclusive aqueles prestados por instituições financeiras autorizadas a funcionar pela União ou por quem de direito.","Abertura de conta de investimentos e aplicação no exterior, bem como a manutenção da referida conta ativa e inativa."
150205,"Serviços relacionados ao setor bancário ou financeiro, inclusive aqueles prestados por instituições financeiras autorizadas a funcionar pela União ou por quem de direito.","Abertura de caderneta de poupança no País, bem como a manutenção da referida conta ativa e inativa."
150206,"Serviços relacionados ao setor bancário ou financeiro, inclusive aqueles prestados por instituições financeiras autorizadas a funcionar pela União ou por quem de direito.","Abertura de caderneta de poupança no exterior, bem como a manutenção da referida conta ativa e inativa."
150207,"Serviços relacionados ao setor bancário ou financeiro, inclusive aqueles prestados por instituições financeiras autorizadas a funcionar pela União ou por quem de direito.","Abertura de contas em geral no País, não abrangida em outro subitem, bem como a manutenção das referidas contas ativas e inativas."
150208,"Serviços relacionados ao setor bancário ou financeiro, inclusive aqueles prestados por instituições financeiras autorizadas a funcionar pela União ou por quem de direito.","Abertura de contas em geral no exterior, não abrangida em outro subitem, bem como a manutenção das referidas contas ativas e inativas."
150301,"Serviços relacionados ao setor bancário ou financeiro, inclusive aqueles prestados por instituições financeiras autorizadas a funcionar pela União ou por quem de direito.",Locação de cofres particulares.
150302,"Serviços relacionados ao setor bancário ou financeiro, inclusive aqueles prestados por instituições financeiras autorizadas a funcionar pela União ou por quem de direito.",Manutenção de cofres particulares.
150303,"Serviços relacionados ao setor bancário ou financeiro, inclusive aqueles prestados por instituições financeiras autorizadas a funcionar pela União ou por quem de direito.",Locação de terminais eletrônicos.
150304,"Serviços relacionados ao setor bancário ou financeiro, inclusive aqueles prestados por instituições financeiras autorizadas a funcionar pela União ou por quem de direito.",Manutenção de terminais eletrônicos.
150305,"Serviços relacionados ao setor bancário ou financeiro, inclusive aqueles prestados por instituições financeiras autorizadas a funcionar pela União ou por quem de direito.",Locação de terminais de atendimento.
150306,"Serviços relacionados ao setor bancário ou financeiro, inclusive aqueles prestados por instituições financeiras autorizadas a funcionar pela União ou por quem de direito.",Manutenção de terminais de atendimento.
150307,"Serviços relacionados ao setor bancário ou financeiro, inclusive aqueles prestados por instituições financeiras autorizadas a funcionar pela União ou por quem de direito.",Locação de bens e equipamentos em geral.
150308,"Serviços relacionados ao setor bancário ou financeiro, inclusive aqueles prestados por instituições financeiras autorizadas a funcionar pela União ou por quem de direito.",Manutenção de bens e equipamentos em geral.
150401,"Serviços relacionados ao setor bancário ou financeiro, inclusive aqueles prestados por instituições financeiras autorizadas a funcionar pela União ou por quem de direito.","Fornecimento ou emissão de atestados em geral, inclusive atestado de idoneidade, atestado de capacidade financeira e congêneres."
150501,"Serviços relacionados ao setor bancário ou financeiro, inclusive aqueles prestados por instituições financeiras autorizadas a funcionar pela União ou por quem de direito.","Cadastro, elaboração de ficha cadastral, renovação cadastral e congêneres."
150502,"Serviços relacionados ao setor bancário ou financeiro, inclusive aqueles prestados por instituições financeiras autorizadas a funcionar pela União ou por quem de direito.",Inclusão no Cadastro de Emitentes de Cheques sem Fundos - CCF.
150503,"Serviços relacionados ao setor bancário ou financeiro, inclusive aqueles prestados por instituições financeiras autorizadas a funcionar pela União ou por quem de direito.",Exclusão no Cadastro de Emitentes de Cheques sem Fundos - CCF.
150504,"Serviços relacionados ao setor bancário ou financeiro, inclusive aqueles prestados por instituições financeiras autorizadas a funcionar pela União ou por quem de direito.",Inclusão em quaisquer outros bancos cadastrais.
150505,"Serviços relacionados ao setor bancário ou financeiro, inclusive aqueles prestados por instituições financeiras autorizadas a funcionar pela União ou por quem de direito.",Exclusão em quaisquer outros bancos cadastrais.
150601,"Serviços relacionados ao setor bancário ou financeiro, inclusive aqueles prestados por instituições financeiras autorizadas a funcionar pela União ou por quem de direito.","Emissão, reemissão e fornecimento de avisos, comprovantes e documentos em geral"
150602,"Serviços relacionados ao setor bancário ou financeiro, inclusive aqueles prestados por instituições financeiras autorizadas a funcionar pela União ou por quem de direito.",Abono de firmas.
150603,"Serviços relacionados ao setor bancário ou financeiro, inclusive aqueles prestados por instituições financeiras autorizadas a funcionar pela União ou por quem de direito.","Coleta e entrega de documentos, bens e valores."
150604,"Serviços relacionados ao setor bancário ou financeiro, inclusive aqueles prestados por instituições financeiras autorizadas a funcionar pela União ou por quem de direito.",Comunicação com outra agência ou com a administração central.
150605,"Serviços relacionados ao setor bancário ou financeiro, inclusive aqueles prestados por instituições financeiras autorizadas a funcionar pela União ou por quem de direito.",Licenciamento eletrônico de veículos.
150606,"Serviços relacionados ao setor bancário ou financeiro, inclusive aqueles prestados por instituições financeiras autorizadas a funcionar pela União ou por quem de direito.",Transferência de veículos.
150607,"Serviços relacionados ao setor bancário ou financeiro, inclusive aqueles prestados por instituições financeiras autorizadas a funcionar pela União ou por quem de direito.",Agenciamento fiduciário ou depositário.
150608,"Serviços relacionados ao setor bancário ou financeiro, inclusive aqueles prestados por instituições financeiras autorizadas a funcionar pela União ou por quem de direito.",Devolução de bens em custódia.
150701,"Serviços relacionados ao setor bancário ou financeiro, inclusive aqueles prestados por instituições financeiras autorizadas a funcionar pela União ou por quem de direito.","Acesso, movimentação, atendimento e consulta a contas em geral, por qualquer meio ou processo, inclusive por telefone, fac-símile, internet e telex."
150702,"Serviços relacionados ao setor bancário ou financeiro, inclusive aqueles prestados por instituições financeiras autorizadas a funcionar pela União ou por quem de direito.","Acesso a terminais de atendimento, inclusive vinte e quatro horas."
150703,"Serviços relacionados ao setor bancário ou financeiro, inclusive aqueles prestados por instituições financeiras autorizadas a funcionar pela União ou por quem de direito.",Acesso a outro banco e à rede compartilhada.
150704,"Serviços relacionados ao setor bancário ou financeiro, inclusive aqueles prestados por instituições financeiras autorizadas a funcionar pela União ou por quem de direito.","Fornecimento de saldo, extrato e demais informações relativas a contas em geral, por qualquer meio ou processo."
150801,"Serviços relacionados ao setor bancário ou financeiro, inclusive aqueles prestados por instituições financeiras autorizadas a funcionar pela União ou por quem de direito.","Emissão, reemissão, alteração, cessão, substituição, cancelamento e registro de contrato de crédito."
150802,"Serviços relacionados ao setor bancário ou financeiro, inclusive aqueles prestados por instituições financeiras autorizadas a funcionar pela União ou por quem de direito.","Estudo, análise e avaliação de operações de crédito."
150803,"Serviços relacionados ao setor bancário ou financeiro, inclusive aqueles prestados por instituições financeiras autorizadas a funcionar pela União ou por quem de direito.","Emissão, concessão, alteração ou contratação de aval, fiança, anuência e congêneres."
150804,"Serviços relacionados ao setor bancário ou financeiro, inclusive aqueles prestados por instituições financeiras autorizadas a funcionar pela União ou por quem de direito.","Serviços relativos à abertura de crédito, para quaisquer fins."
150901,"Serviços relacionados ao setor bancário ou financeiro, inclusive aqueles prestados por instituições financeiras autorizadas a funcionar pela União ou por quem de direito.","Arrendamento mercantil (leasing) de quaisquer bens, inclusive cessão de direitos e obrigações, substituição de garantia, alteração, cancelamento e registro de contrato, e demais serviços relacionados ao arrendamento mercantil (leasing)."
151001,"Serviços relacionados ao setor bancário ou financeiro, inclusive aqueles prestados por instituições financeiras autorizadas a funcionar pela União ou por quem de direito.","Serviços relacionados a cobranças em geral, de títulos quaisquer, de contas ou carnês, de câmbio, de tributos e por conta de terceiros, inclusive os efetuados por meio eletrônico, automático ou por máquinas de atendimento."
151002,"Serviços relacionados ao setor bancário ou financeiro, inclusive aqueles prestados por instituições financeiras autorizadas a funcionar pela União ou por quem de direito.","Serviços relacionados a recebimentos em geral, de títulos quaisquer, de contas ou carnês, de câmbio, de tributos e por conta de terceiros, inclusive os efetuados por meio eletrônico, automático ou por máquinas de atendimento."
151003,"Serviços relacionados ao setor bancário ou financeiro, inclusive aqueles prestados por instituições financeiras autorizadas a funcionar pela União ou por quem de direito.","Serviços relacionados a pagamentos em geral, de títulos quaisquer, de contas ou carnês, de câmbio, de tributos e por conta de terceiros, inclusive os efetuados por meio eletrônico, automático ou por máquinas de atendimento."
151004,"Serviços relacionados ao setor bancário ou financeiro, inclusive aqueles prestados por instituições financeiras autorizadas a funcionar pela União ou por quem de direito.","Serviços relacionados a fornecimento de posição de cobrança, recebimento ou pagamento."
151005,"Serviços relacionados ao setor bancário ou financeiro, inclusive aqueles prestados por instituições financeiras autorizadas a funcionar pela União ou por quem de direito.","Serviços relacionados a emissão de carnês, fichas de compensação, impressos e documentos em geral."
151101,"Serviços relacionados ao setor bancário ou financeiro, inclusive aqueles prestados por instituições financeiras autorizadas a funcionar pela União ou por quem de direito.","Devolução de títulos, protesto de títulos, sustação de protesto, manutenção de títulos, reapresentação de títulos, e demais serviços a eles relacionados."
151201,"Serviços relacionados ao setor bancário ou financeiro, inclusive aqueles prestados por instituições financeiras autorizadas a funcionar pela União ou por quem de direito.","Custódia em geral, inclusive de títulos e valores mobiliários."
151301,"Serviços relacionados ao setor bancário ou financeiro, inclusive aqueles prestados por instituições financeiras autorizadas a funcionar pela União ou por quem de direito.","Serviços relacionados a operações de câmbio em geral, edição, alteração, prorrogação, cancelamento e baixa de contrato de câmbio."
151302,"Serviços relacionados ao setor bancário ou financeiro, inclusive aqueles prestados por instituições financeiras autorizadas a funcionar pela União ou por quem de direito.",Serviços relacionados a emissão de registro de exportação ou de crédito.
151303,"Serviços relacionados ao setor bancário ou financeiro, inclusive aqueles prestados por instituições financeiras autorizadas a funcionar pela União ou por quem de direito.",Serviços relacionados a cobrança ou depósito no exterior.
151304,"Serviços relacionados ao setor bancário ou financeiro, inclusive aqueles prestados por instituições financeiras autorizadas a funcionar pela União ou por quem de direito.","Serviços relacionados a emissão, fornecimento e cancelamento de cheques de viagem."
151305,"Serviços relacionados ao setor bancário ou financeiro, inclusive aqueles prestados por instituições financeiras autorizadas a funcionar pela União ou por quem de direito.","Serviços relacionados a fornecimento, transferência, cancelamento e demais serviços relativos a carta de crédito de importação, exportação e garantias recebidas."
151306,"Serviços relacionados ao setor bancário ou financeiro, inclusive aqueles prestados por instituições financeiras autorizadas a funcionar pela União ou por quem de direito.",Serviços relacionados a envio e recebimento de mensagens em geral relacionadas a operações de câmbio.
151401,"Serviços relacionados ao setor bancário ou financeiro, inclusive aqueles prestados por instituições financeiras autorizadas a funcionar pela União ou por quem de direito.","Fornecimento, emissão, reemissão de cartão magnético, cartão de crédito, cartão de débito, cartão salário e congêneres."
151402,"Serviços relacionados ao setor bancário ou financeiro, inclusive aqueles prestados por instituições financeiras autorizadas a funcionar pela União ou por quem de direito.","Renovação de cartão magnético, cartão de crédito, cartão de débito, cartão salário e congêneres."
151403,"Serviços relacionados ao setor bancário ou financeiro, inclusive aqueles prestados por instituições financeiras autorizadas a funcionar pela União ou por quem de direito.","Manutenção de cartão magnético, cartão de crédito, cartão de débito, cartão salário e congêneres."
151501,"Serviços relacionados ao setor bancário ou financeiro, inclusive aqueles prestados por instituições financeiras autorizadas a funcionar pela União ou por quem de direito.",Compensação de cheques e títulos quaisquer.
151502,"Serviços relacionados ao setor bancário ou financeiro, inclusive aqueles prestados por instituições financeiras autorizadas a funcionar pela União ou por quem de direito.","Serviços relacionados a depósito, inclusive depósito identificado, a saque de contas quaisquer, por qualquer meio ou processo, inclusive em terminais eletrônicos e de atendimento."
151601,"Serviços relacionados ao setor bancário ou financeiro, inclusive aqueles prestados por instituições financeiras autorizadas a funcionar pela União ou por quem de direito.","Emissão, reemissão, liquidação, alteração, cancelamento e baixa de ordens de pagamento, ordens de crédito e similares, por qualquer meio ou processo."
151602,"Serviços relacionados ao setor bancário ou financeiro, inclusive aqueles prestados por instituições financeiras autorizadas a funcionar pela União ou por quem de direito.","Serviços relacionados à transferência de valores, dados, fundos, pagamentos e similares, inclusive entre contas em geral."
151701,"Serviços relacionados ao setor bancário ou financeiro, inclusive aqueles prestados por instituições financeiras autorizadas a funcionar pela União ou por quem de direito.","Emissão e fornecimento de cheques quaisquer, avulso ou por talão."
151702,"Serviços relacionados ao setor bancário ou financeiro, inclusive aqueles prestados por instituições financeiras autorizadas a funcionar pela União ou por quem de direito.","Devolução de cheques quaisquer, avulso ou por talão."
151703,"Serviços relacionados ao setor bancário ou financeiro, inclusive aqueles prestados por instituições financeiras autorizadas a funcionar pela União ou por quem de direito.","Sustação, cancelamento e oposição de cheques quaisquer, avulso ou por talão."
151801,"Serviços relacionados ao setor bancário ou financeiro, inclusive aqueles prestados por instituições financeiras autorizadas a funcionar pela União ou por quem de direito.","Serviços relacionados a crédito imobiliário, de avaliação e vistoria de imóvel ou obra."
151802,"Serviços relacionados ao setor bancário ou financeiro, inclusive aqueles prestados por instituições financeiras autorizadas a funcionar pela União ou por quem de direito.","Serviços relacionados a crédito imobiliário, de análise técnica e jurídica."
151803,"Serviços relacionados ao setor bancário ou financeiro, inclusive aqueles prestados por instituições financeiras autorizadas a funcionar pela União ou por quem de direito.","Serviços relacionados a crédito imobiliário, de emissão, reemissão, alteração, transferência e renegociação de contrato."
151804,"Serviços relacionados ao setor bancário ou financeiro, inclusive aqueles prestados por instituições financeiras autorizadas a funcionar pela União ou por quem de direito.","Serviços relacionados a crédito imobiliário, de emissão e reemissão do termo de quitação."
151805,"Serviços relacionados ao setor bancário ou financeiro, inclusive aqueles prestados por instituições financeiras autorizadas a funcionar pela União ou por quem de direito.",Demais serviços relacionados a crédito imobiliário.
160101,Serviços de transporte de natureza municipal.,Serviços de transporte coletivo municipal rodoviário de passageiros.
160102,Serviços de transporte de natureza municipal.,Serviços de transporte coletivo municipal metroviário de passageiros.
160103,Serviços de transporte de natureza municipal.,Serviços de transporte coletivo municipal ferroviário de passageiros.
160104,Serviços de transporte de natureza municipal.,Serviços de transporte coletivo municipal aquaviário de passageiros.
160201,Serviços de transporte de natureza municipal.,Outros serviços de transporte de natureza municipal.
170101,"Serviços de apoio técnico, administrativo, jurídico, contábil, comercial e congêneres.","Assessoria ou consultoria de qualquer natureza, não contida em outros itens desta lista."
170102,"Serviços de apoio técnico, administrativo, jurídico, contábil, comercial e congêneres.","Análise, exame, pesquisa, coleta, compilação e fornecimento de dados e informações de qualquer natureza, inclusive cadastro e similares."
170201,"Serviços de apoio técnico, administrativo, jurídico, contábil, comercial e congêneres.","Datilografia, digitação, estenografia e congêneres."
170202,"Serviços de apoio técnico, administrativo, jurídico, contábil, comercial e congêneres.","Expediente, secretaria em geral, apoio e infra-estrutura administrativa e congêneres."
170203,"Serviços de apoio técnico, administrativo, jurídico, contábil, comercial e congêneres.",Resposta audível e congêneres.
170204,"Serviços de apoio técnico, administrativo, jurídico, contábil, comercial e congêneres.","Redação, edição, revisão e congêneres."
170205,"Serviços de apoio técnico, administrativo, jurídico, contábil, comercial e congêneres.","Interpretação, tradução e congêneres."
170301,"Serviços de apoio técnico, administrativo, jurídico, contábil, comercial e congêneres.","Planejamento, coordenação, programação ou organização técnica."
170302,"Serviços de apoio técnico, administrativo, jurídico, contábil, comercial e congêneres.","Planejamento, coordenação, programação ou organização financeira."
170303,"Serviços de apoio técnico, administrativo, jurídico, contábil, comercial e congêneres.","Planejamento, coordenação, programação ou organização administrativa."
170401,"Serviços de apoio técnico, administrativo, jurídico, contábil, comercial e congêneres.","Recrutamento, agenciamento, seleção e colocação de mão-de-obra."
170501,"Serviços de apoio técnico, administrativo, jurídico, contábil, comercial e congêneres.","Fornecimento de mão-de-obra, mesmo em caráter temporário, inclusive de empregados ou trabalhadores, avulsos ou temporários, contratados pelo prestador de serviço."
170601,"Serviços de apoio técnico, administrativo, jurídico, contábil, comercial e congêneres.","Propaganda e publicidade, inclusive promoção de vendas, planejamento de campanhas ou sistemas de publicidade, elaboração de desenhos, textos e demais materiais publicitários."
170801,"Serviços de apoio técnico, administrativo, jurídico, contábil, comercial e congêneres.",Franquia (franchising).
170901,"Serviços de apoio técnico, administrativo, jurídico, contábil, comercial e congêneres.","Perícias, laudos, exames técnicos e análises técnicas."
171001,"Serviços de apoio técnico, administrativo, jurídico, contábil, comercial e congêneres.","Planejamento, organização e administração de feiras, exposições, e congêneres."
171002,"Serviços de apoio técnico, administrativo, jurídico, contábil, comercial e congêneres.","Planejamento, organização e administração de congressos e congêneres."
171101,"Serviços de apoio técnico, administrativo, jurídico, contábil, comercial e congêneres.",Organização de festas e recepções.
171102,"Serviços de apoio técnico, administrativo, jurídico, contábil, comercial e congêneres.","Bufê (exceto o fornecimento de alimentação e bebidas, que fica sujeito ao ICMS)."
171201,"Serviços de apoio técnico, administrativo, jurídico, contábil, comercial e congêneres.","Administração em geral, inclusive de bens e negócios de terceiros."
171301,"Serviços de apoio técnico, administrativo, jurídico, contábil, comercial e congêneres.",Leilão e congêneres.
171401,"Serviços de apoio técnico, administrativo, jurídico, contábil, comercial e congêneres.",Advocacia
171501,"Serviços de apoio técnico, administrativo, jurídico, contábil, comercial e congêneres.","Arbitragem de qualquer espécie, inclusive jurídica."
171601,"Serviços de apoio técnico, administrativo, jurídico, contábil, comercial e congêneres.",Auditoria.
171701,"Serviços de apoio técnico, administrativo, jurídico, contábil, comercial e congêneres.",Análise de Organização e Métodos.
171801,"Serviços de apoio técnico, administrativo, jurídico, contábil, comercial e congêneres.",Atuária e cálculos técnicos de qualquer natureza.
171901,"Serviços de apoio técnico, administrativo, jurídico, contábil, comercial e congêneres.","Contabilidade, inclusive serviços técnicos e auxiliares."
172001,"Serviços de apoio técnico, administrativo, jurídico, contábil, comercial e congêneres.",Consultoria e assessoria econômica ou financeira.
172101,"Serviços de apoio técnico, administrativo, jurídico, contábil, comercial e congêneres.",Estatística.
172201,"Serviços de apoio técnico, administrativo, jurídico, contábil, comercial e congêneres.",Cobrança em geral.
172301,"Serviços de apoio técnico, administrativo, jurídico, contábil, comercial e congêneres.","Assessoria, análise, avaliação, atendimento, consulta, cadastro, seleção, gerenciamento de informações, administração de contas a receber ou a pagar e em geral, relacionados a operações de faturização (factoring)."
172401,"Serviços de apoio técnico, administrativo, jurídico, contábil, comercial e congêneres.","Apresentação de palestras, conferências, seminários e congêneres."
172501,"Serviços de apoio técnico, administrativo, jurídico, contábil, comercial e congêneres.","Inserção de textos, desenhos e outros materiais de propaganda e publicidade, em qualquer meio (exceto em livros, jornais, periódicos e nas modalidades de serviços de radiodifusão sonora e de sons e imagens de recepção livre e gratuita)."
180101,Serviços de regulação de sinistros vinculados a contratos de seguros; inspeção e avaliação de riscos para cobertura de contratos de seguros; prevenção e gerência de riscos seguráveis e congêneres.,Serviços de regulação de sinistros vinculados a contratos de seguros e congêneres.
180102,Serviços de regulação de sinistros vinculados a contratos de seguros; inspeção e avaliação de riscos para cobertura de contratos de seguros; prevenção e gerência de riscos seguráveis e congêneres.,Serviços de inspeção e avaliação de riscos para cobertura de contratos de seguros e congêneres.
180103,Serviços de regulação de sinistros vinculados a contratos de seguros; inspeção e avaliação de riscos para cobertura de contratos de seguros; prevenção e gerência de riscos seguráveis e congêneres.,Serviços de prevenção e gerência de riscos seguráveis e congêneres.
190101,"Serviços de distribuição e venda de bilhetes e demais produtos de loteria, bingos, cartões, pules ou cupons de apostas, sorteios, prêmios, inclusive os decorrentes de títulos de capitalização e congêneres.","Serviços de distribuição e venda de bilhetes e demais produtos de loteria, cartões, pules ou cupons de apostas, sorteios, prêmios, inclusive os decorrentes de títulos de capitalização e congêneres."
190102,"Serviços de distribuição e venda de bilhetes e demais produtos de loteria, bingos, cartões, pules ou cupons de apostas, sorteios, prêmios, inclusive os decorrentes de títulos de capitalização e congêneres.",Serviços de distribuição e venda de bingos e congêneres.
200101,"Serviços portuários, aeroportuários, ferroportuários, de terminais rodoviários, ferroviários e metroviários.","Serviços portuários, ferroportuários, utilização de porto, movimentação de passageiros, reboque de embarcações, rebocador escoteiro, atracação, desatracação, serviços de praticagem, capatazia, armazenagem de qualquer natureza, serviços acessórios, movimentação de mercadorias, serviços de apoio marítimo, de movimentação ao largo, serviços de armadores, estiva, conferência, logística e congêneres."
200201,"Serviços portuários, aeroportuários, ferroportuários, de terminais rodoviários, ferroviários e metroviários.","Serviços aeroportuários, utilização de aeroporto, movimentação de passageiros, armazenagem de qualquer natureza, capatazia, movimentação de aeronaves, serviços de apoio aeroportuários, serviços acessórios, movimentação de mercadorias, logística e congêneres."
200301,"Serviços portuários, aeroportuários, ferroportuários, de terminais rodoviários, ferroviários e metroviários.","Serviços de terminais rodoviários, ferroviários, metroviários, movimentação de passageiros, mercadorias, inclusive suas operações, logística e congêneres."
210101,"Serviços de registros públicos, cartorários e notariais.","Serviços de registros públicos, cartorários e notariais."
220101,Serviços de exploração de rodovia.,"Serviços de exploração de rodovia mediante cobrança de preço ou pedágio dos usuários, envolvendo execução de serviços de conservação, manutenção, melhoramentos para adequação de capacidade e segurança de trânsito, operação, monitoração, assistência aos usuários e outros serviços definidos em contratos, atos de concessão ou de permissão ou em normas oficiais."
230101,"Serviços de programação e comunicação visual, desenho industrial e congêneres.",Serviços de programação e comunicação visual e congêneres.
230102,"Serviços de programação e comunicação visual, desenho industrial e congêneres.",Serviços de desenho industrial e congêneres.
240101,"Serviços de chaveiros, confecção de carimbos, placas, sinalização visual, banners, adesivos e congêneres.","Serviços de chaveiros, confecção de carimbos e congêneres."
240102,"Serviços de chaveiros, confecção de carimbos, placas, sinalização visual, banners, adesivos e congêneres.","Serviços de placas, sinalização visual, banners, adesivos e congêneres."
250101,Serviços funerários.,"Funerais, inclusive fornecimento de caixão, urna ou esquifes; aluguel de capela; transporte do corpo cadavérico; fornecimento de flores, coroas e outros paramentos; desembaraço de certidão de óbito; fornecimento de véu, essa e outros adornos; embalsamento, embelezamento, conservação ou restauração de cadáveres."
250201,Serviços funerários.,Translado intramunicipal de corpos e partes de corpos cadavéricos.
250202,Serviços funerários.,Cremação de corpos e partes de corpos cadavéricos.
250301,Serviços funerários.,Planos ou convênio funerários.
250401,Serviços funerários.,Manutenção e conservação de jazigos e cemitérios.
250501,Serviços funerários.,Cessão de uso de espaços em cemitérios para sepultamento.
260101,"Serviços de coleta, remessa ou entrega de correspondências, documentos, objetos, bens ou valores, inclusive pelos correios e suas agências franqueadas; courrier e congêneres.","Serviços de coleta, remessa ou entrega de correspondências, documentos, objetos, bens ou valores, inclusive pelos correios e suas agências franqueadas."
260102,"Serviços de coleta, remessa ou entrega de correspondências, documentos, objetos, bens ou valores, inclusive pelos correios e suas agências franqueadas; courrier e congêneres.",Serviços de courrier e congêneres.
270101,Serviços de assistência social.,Serviços de assistência social.
280101,Serviços de avaliação de bens e serviços de qualquer natureza.,Serviços de avaliação de bens e serviços de qualquer natureza.
290101,Serviços de biblioteconomia.,Serviços de biblioteconomia.
300101,"Serviços de biologia, biotecnologia e química.",Serviços de biologia e biotecnologia.
300102,"Serviços de biologia, biotecnologia e química.",Serviços de química.
310101,"Serviços técnicos em edificações, eletrônica, eletrotécnica, mecânica, telecomunicações e congêneres.",Serviços técnicos em edificações e congêneres.
310102,"Serviços técnicos em edificações, eletrônica, eletrotécnica, mecânica, telecomunicações e congêneres.","Serviços técnicos em eletrônica, eletrotécnica e congêneres."
310103,"Serviços técnicos em edificações, eletrônica, eletrotécnica, mecânica, telecomunicações e congêneres.",Serviços técnicos em mecânica e congêneres.
310104,"Serviços técnicos em edificações, eletrônica, eletrotécnica, mecânica, telecomunicações e congêneres.",Serviços técnicos em telecomunicações e congêneres.
320101,Serviços de desenhos técnicos.,Serviços de desenhos técnicos.
330101,"Serviços de desembaraço aduaneiro, comissários, despachantes e congêneres.","Serviços de desembaraço aduaneiro, comissários, despachantes e congêneres."
340101,"Serviços de investigações particulares, detetives e congêneres.","Serviços de investigações particulares, detetives e congêneres."
350101,"Serviços de reportagem, assessoria de imprensa, jornalismo e relações públicas.",Serviços de reportagem e jornalismo.
350102,"Serviços de reportagem, assessoria de imprensa, jornalismo e relações públicas.",Serviços de assessoria de imprensa.
350103,"Serviços de reportagem, assessoria de imprensa, jornalismo e relações públicas.",Serviços de relações públicas.
360101,Serviços de meteorologia.,Serviços de meteorologia.
370101,"Serviços de artistas, atletas, modelos e manequins.","Serviços de artistas, atletas, modelos e manequins."
380101,Serviços de museologia.,Serviços de museologia.
390101,Serviços de ourivesaria e lapidação.,Serviços de ourivesaria e lapidação (quando o material for fornecido pelo tomador do serviço).
400101,Serviços relativos a obras de arte sob encomenda.,Obras de arte sob encomenda.
990101,Serviços sem a incidência de ISSQN e ICMS,Serviços sem a incidência de ISSQN e ICMS
